"","method","id","runtime","b0","b1","b0_lower","b0_upper","b1_lower","b1_upper","pred_mse"
"elapsed","simp_lin_cpp",198,0.00099999999999989,0.98337068112864,-1.04706699794195,0.787265910967666,1.17947545128961,-1.27934939279733,-0.814784603086564,2.92193526831374
