"","method","id","runtime","b0","b1","b0_lower","b0_upper","b1_lower","b1_upper","pred_mse"
"elapsed","simp_lin_cpp",182,0,0.976289187232826,-1.02719883480247,0.781202770800156,0.781202770800156,-1.22943170079122,-1.22943170079122,2.36069887358263
