"","method","id","runtime","b0","b1","b0_lower","b0_upper","b1_lower","b1_upper","pred_mse"
"elapsed","simp_lin_cpp",161,0.00099999999999989,1.02222726838622,-0.967840390965844,0.860301638137144,0.860301638137144,-1.12985399203504,-1.12985399203504,2.62701482515438
