"","method","id","runtime","b0","b1","b0_lower","b0_upper","b1_lower","b1_upper","pred_mse"
"elapsed","lm",39,0.01,0.784345098971945,-1.04337986571779,0.584495686773456,0.584495686773456,-1.25174797097959,-1.25174797097959,2.92649003844755
