"","method","id","runtime","b0","b1","b0_lower","b0_upper","b1_lower","b1_upper","pred_mse"
"elapsed","lm",90,0.00999999999999979,1.26354909240562,-1.2000318086695,1.08231228637257,1.08231228637257,-1.38316910892139,-1.38316910892139,3.2363128159882
