"","method","id","runtime","b0","b1","b0_lower","b0_upper","b1_lower","b1_upper","pred_mse"
"elapsed","lm",8,0.032,1.11739732432445,-0.948996892059162,0.906748557290397,1.3280460913585,-1.17671477666763,-0.72127900745069,3.30545388374174
