"","method","id","runtime","b0","b1","b0_lower","b0_upper","b1_lower","b1_upper","pred_mse"
"elapsed","simp_lin_cpp",196,0.00100000000000011,1.05363070107024,-1.01240620256309,0.857475114105777,1.24978628803471,-1.1876186149894,-0.837193790136782,3.23887098826849
