"","method","id","runtime","b0","b1","b0_lower","b0_upper","b1_lower","b1_upper","pred_mse"
"elapsed","lm",84,0.0189999999999999,0.853439577513472,-0.910819984371307,0.666473331144983,1.04040582388196,-1.10640360688965,-0.71523636185297,2.42524240258515
