"","method","id","runtime","b0","b1","b0_lower","b0_upper","b1_lower","b1_upper","pred_mse"
"elapsed","lm",86,0.01,1.01140307061408,-0.997433531383734,0.817302079405382,0.817302079405382,-1.2332811919414,-1.2332811919414,2.39566284366647
