"","method","id","runtime","b0","b1","b0_lower","b0_upper","b1_lower","b1_upper","pred_mse"
"elapsed","lm",3,0.0109999999999999,0.970943463738097,-0.893695500426937,0.766945126578821,0.766945126578821,-1.09777892147781,-1.09777892147781,2.7077313940407
