"","method","id","runtime","b0","b1","b0_lower","b0_upper","b1_lower","b1_upper","pred_mse"
"elapsed","lm",61,0.00999999999999979,0.99721886294733,-1.11408418009712,0.792904421385462,0.792904421385462,-1.33023744454524,-1.33023744454524,3.15720813840876
