"","method","id","runtime","b0","b1","b0_lower","b0_upper","b1_lower","b1_upper","pred_mse"
"elapsed","lm",78,0.01,1.07980539253749,-1.02511594301211,0.868738866376458,0.868738866376458,-1.2539276093178,-1.2539276093178,2.9034264574782
