"","method","id","runtime","b0","b1","b0_lower","b0_upper","b1_lower","b1_upper","pred_mse"
"elapsed","lm",9,0.01,0.920668460206413,-0.832742382567815,0.716011747424607,0.716011747424607,-1.04433217075231,-1.04433217075231,2.71915201372774
