"","method","id","runtime","b0","b1","b0_lower","b0_upper","b1_lower","b1_upper","pred_mse"
"elapsed","lm",43,0.01,1.07157551936781,-0.928503819723986,0.863334768842638,0.863334768842638,-1.12164272853338,-1.12164272853338,3.04028377577551
