"","method","id","runtime","b0","b1","b0_lower","b0_upper","b1_lower","b1_upper","pred_mse"
"elapsed","lm",25,0.01,0.880824247485585,-0.982035124118738,0.695689312305524,0.695689312305524,-1.13706638667075,-1.13706638667075,2.96095299633607
