"","method","id","runtime","b0","b1","b0_lower","b0_upper","b1_lower","b1_upper","pred_mse"
"elapsed","lm",97,0.01,0.90712573376994,-0.84594923092192,0.713829958906257,0.713829958906257,-1.03874077484545,-1.03874077484545,2.41655017484559
