"","method","id","runtime","b0","b1","b0_lower","b0_upper","b1_lower","b1_upper","pred_mse"
"elapsed","simp_lin_cpp",186,0.00100000000000011,1.206753216518,-1.16469697888795,0.995344340213976,0.995344340213976,-1.38500221157342,-1.38500221157342,3.58900456250267
