"","method","id","runtime","b0","b1","b0_lower","b0_upper","b1_lower","b1_upper","pred_mse"
"elapsed","lm",40,0.018,1.11909583215097,-1.10489095725923,0.921404582812711,1.31678708148922,-1.30353010100246,-0.906251813515999,3.26493136615043
