"","method","id","runtime","b0","b1","b0_lower","b0_upper","b1_lower","b1_upper","pred_mse"
"elapsed","simp_lin_cpp",162,0.00099999999999989,1.08926667945887,-1.08416856817254,0.871864100566662,0.871864100566662,-1.30086915148912,-1.30086915148912,3.9995236031543
