"","method","id","runtime","b0","b1","b0_lower","b0_upper","b1_lower","b1_upper","pred_mse"
"elapsed","lm",76,0.0169999999999999,1.06343352832305,-0.87355267404168,0.849052828300435,1.27781422834567,-1.0617783338166,-0.685327014266763,3.53742699405006
