"","method","id","runtime","b0","b1","b0_lower","b0_upper","b1_lower","b1_upper","pred_mse"
"elapsed","lm",48,0.0109999999999999,0.999798385551348,-1.12653853789255,0.800205261334469,0.800205261334469,-1.32994488748493,-1.32994488748493,3.4980989002342
