"","method","id","runtime","b0","b1","b0_lower","b0_upper","b1_lower","b1_upper","pred_mse"
"elapsed","lm",64,0.0150000000000001,0.989266021667419,-1.02662009536998,0.800233810865998,1.17829823246884,-1.22651965009043,-0.826720540649536,3.12860368190066
