"","method","id","runtime","b0","b1","b0_lower","b0_upper","b1_lower","b1_upper","pred_mse"
"elapsed","simp_lin_cpp",111,0,0.978788762733506,-1.018551818638,0.775191797956114,1.1823857275109,-1.20534901645695,-0.831754620819051,3.13857768062779
