"","method","id","runtime","b0","b1","b0_lower","b0_upper","b1_lower","b1_upper","pred_mse"
"elapsed","lm",34,0.01,0.926989044340428,-1.02103467196019,0.736858851895145,0.736858851895145,-1.22152991657912,-1.22152991657912,2.84641922483417
