"","method","id","runtime","b0","b1","b0_lower","b0_upper","b1_lower","b1_upper","pred_mse"
"elapsed","lm",62,0.0110000000000001,1.10868222816495,-0.858314567218802,0.890944006463655,0.890944006463655,-1.07557147463027,-1.07557147463027,3.04239955297626
