"","method","id","runtime","b0","b1","b0_lower","b0_upper","b1_lower","b1_upper","pred_mse"
"elapsed","simp_lin_cpp",165,0,1.0015984627128,-0.890281756430645,0.807467477822894,1.19572944760271,-1.08375041750938,-0.696813095351906,2.76955636703642
