"","method","id","runtime","b0","b1","b0_lower","b0_upper","b1_lower","b1_upper","pred_mse"
"elapsed","lm",26,0.0310000000000001,1.07007394549628,-1.1160607801901,0.867705959413038,1.27244193157952,-1.34036491254493,-0.891756647835272,3.00399914689586
