"","method","id","runtime","b0","b1","b0_lower","b0_upper","b1_lower","b1_upper","pred_mse"
"elapsed","simp_lin_cpp",163,0,0.954922615908056,-0.892469736211011,0.760652616432656,0.760652616432656,-1.09848543694054,-1.09848543694054,2.49248377681626
