"","method","id","runtime","b0","b1","b0_lower","b0_upper","b1_lower","b1_upper","pred_mse"
"elapsed","simp_lin_cpp",164,0,1.04344979374632,-0.900411172775709,0.874336397361864,0.874336397361864,-1.06765665763412,-1.06765665763412,2.66943392628583
