"","method","id","runtime","b0","b1","b0_lower","b0_upper","b1_lower","b1_upper","pred_mse"
"elapsed","lm",60,0.0110000000000001,1.01615234511164,-0.951102934146812,0.802686008344212,1.22961868187907,-1.15850641383531,-0.743699454458316,3.27209072310405
