"","method","id","runtime","b0","b1","b0_lower","b0_upper","b1_lower","b1_upper","pred_mse"
"elapsed","lm",32,0.01,1.0092962648329,-1.11507011073658,0.812105798027777,0.812105798027777,-1.34029399937169,-1.34029399937169,2.93253504655251
