"","method","id","runtime","b0","b1","b0_lower","b0_upper","b1_lower","b1_upper","pred_mse"
"elapsed","lm",62,0.014,1.10868222816495,-0.858314567218802,0.890944006463655,1.32642044986624,-1.07557147463027,-0.641057659807337,3.04239955297626
