"","method","id","runtime","b0","b1","b0_lower","b0_upper","b1_lower","b1_upper","pred_mse"
"elapsed","simp_lin_cpp",196,0.00099999999999989,1.05363070107024,-1.01240620256309,0.857475114105777,0.857475114105777,-1.1876186149894,-1.1876186149894,3.23887098826849
