"","method","id","runtime","b0","b1","b0_lower","b0_upper","b1_lower","b1_upper","pred_mse"
"elapsed","lm",15,0.0189999999999999,0.837923447851231,-0.932977701299882,0.654962884011031,1.02088401169143,-1.11915426563264,-0.746801136967123,2.31385254245298
