"","method","id","runtime","b0","b1","b0_lower","b0_upper","b1_lower","b1_upper","pred_mse"
"elapsed","simp_lin_cpp",154,0.00100000000000011,0.988426269909025,-1.05881874961353,0.798136669678484,0.798136669678484,-1.29072365617794,-1.29072365617794,2.44481685842625
