"","method","id","runtime","b0","b1","b0_lower","b0_upper","b1_lower","b1_upper","pred_mse"
"elapsed","lm",80,0.0209999999999999,0.948809036509933,-1.04934789196678,0.74506250897419,1.15255556404568,-1.23957546940385,-0.859120314529703,3.15132032890771
