"","method","id","runtime","b0","b1","b0_lower","b0_upper","b1_lower","b1_upper","pred_mse"
"elapsed","simp_lin_cpp",123,0,1.20357588583405,-0.957022728479462,0.98037563764269,0.98037563764269,-1.17759001539473,-1.17759001539473,3.77845876029939
