"","method","id","runtime","b0","b1","b0_lower","b0_upper","b1_lower","b1_upper","pred_mse"
"elapsed","lm",53,0.0290000000000001,0.979826750972038,-0.820927771739551,0.769442464876545,1.19021103706753,-1.04682726591242,-0.595028277566683,2.70909754680361
