"","method","id","runtime","b0","b1","b0_lower","b0_upper","b1_lower","b1_upper","pred_mse"
"elapsed","simp_lin_cpp",124,0.00099999999999989,0.944710017816258,-0.923752839106038,0.772038413997708,0.772038413997708,-1.0785628927884,-1.0785628927884,2.81102216391299
