"","method","id","runtime","b0","b1","b0_lower","b0_upper","b1_lower","b1_upper","pred_mse"
"elapsed","simp_lin_cpp",189,0.00099999999999989,1.15851760524738,-1.08736829810467,0.955160322013131,0.955160322013131,-1.29117459235532,-1.29117459235532,3.42576029080419
