"","method","id","runtime","b0","b1","b0_lower","b0_upper","b1_lower","b1_upper","pred_mse"
"elapsed","simp_lin_cpp",117,0,1.1971230979128,-0.937599920030934,0.989621098570737,1.40462509725487,-1.15013676875342,-0.725063071308448,3.58644538169613
