"","method","id","runtime","b0","b1","b0_lower","b0_upper","b1_lower","b1_upper","pred_mse"
"elapsed","simp_lin_cpp",159,0,0.969045679554849,-0.96837239208366,0.789224034484509,1.14886732462519,-1.14750582491643,-0.78923895925089,2.71909198772591
