"","method","id","runtime","b0","b1","b0_lower","b0_upper","b1_lower","b1_upper","pred_mse"
"elapsed","lm",19,0.01,1.04783275493685,-0.982880176879204,0.8611424056804,0.8611424056804,-1.15116433289629,-1.15116433289629,3.18642248490027
