"","method","id","runtime","b0","b1","b0_lower","b0_upper","b1_lower","b1_upper","pred_mse"
"elapsed","lm",91,0.01,1.08322106200716,-1.0583290195557,0.88355495458785,0.88355495458785,-1.2750709755144,-1.2750709755144,3.57120037981697
