"","method","id","runtime","b0","b1","b0_lower","b0_upper","b1_lower","b1_upper","pred_mse"
"elapsed","lm",16,0.01,0.97531738299087,-1.16218003934532,0.769584905680224,0.769584905680224,-1.34888017733105,-1.34888017733105,4.04958863999364
