"","method","id","runtime","b0","b1","b0_lower","b0_upper","b1_lower","b1_upper","pred_mse"
"elapsed","simp_lin_cpp",171,0.00100000000000011,1.02757470815193,-1.04964595828392,0.839322436856647,1.21582697944722,-1.25881222399413,-0.840479692573717,2.4886811422483
