"","method","id","runtime","b0","b1","b0_lower","b0_upper","b1_lower","b1_upper","pred_mse"
"elapsed","lm",42,0.0169999999999999,1.16991754185925,-0.987268651261106,0.973353201015627,1.36648188270287,-1.18101599064021,-0.793521311881998,3.14074359299225
