"","method","id","runtime","b0","b1","b0_lower","b0_upper","b1_lower","b1_upper","pred_mse"
"elapsed","simp_lin_cpp",139,0.00100000000000011,0.953239996289279,-1.10409015782783,0.756262993305291,0.756262993305291,-1.31884332193363,-1.31884332193363,3.00136626803372
