"","method","id","runtime","b0","b1","b0_lower","b0_upper","b1_lower","b1_upper","pred_mse"
"elapsed","simp_lin_cpp",151,0.00100000000000011,1.03192501764502,-1.00423027094409,0.849042249691275,1.21480778559877,-1.18458316529773,-0.823877376590451,2.87494930570211
