"","method","id","runtime","b0","b1","b0_lower","b0_upper","b1_lower","b1_upper","pred_mse"
"elapsed","lm",95,0.0169999999999999,1.11577687133164,-1.09180938312927,0.897595598571325,0.897595598571325,-1.31872298455292,-1.31872298455292,3.55587535894638
