"","method","id","runtime","b0","b1","b0_lower","b0_upper","b1_lower","b1_upper","pred_mse"
"elapsed","simp_lin_cpp",166,0.00100000000000011,1.11734248838606,-0.745773501991821,0.934000838067664,1.30068413870446,-0.936809069977176,-0.554737934006465,2.8155526160992
