"","method","id","runtime","b0","b1","b0_lower","b0_upper","b1_lower","b1_upper","pred_mse"
"elapsed","lm",18,0.01,0.826779346685898,-1.03612511888365,0.616655238790194,0.616655238790194,-1.2495926495722,-1.2495926495722,2.88728071420664
