"","method","id","runtime","b0","b1","b0_lower","b0_upper","b1_lower","b1_upper","pred_mse"
"elapsed","lm",56,0.01,0.85707025104314,-0.846239713800795,0.639938787164836,0.639938787164836,-1.06081100264278,-1.06081100264278,2.68719137107813
