"","method","id","runtime","b0","b1","b0_lower","b0_upper","b1_lower","b1_upper","pred_mse"
"elapsed","simp_lin_cpp",148,0.00100000000000011,0.81970548852069,-1.01624547484922,0.628724515636425,0.628724515636425,-1.21188193726082,-1.21188193726082,2.79787201333694
