"","method","id","runtime","b0","b1","b0_lower","b0_upper","b1_lower","b1_upper","pred_mse"
"elapsed","lm",28,0.0269999999999999,1.14863992181466,-1.00334061073609,0.95501974598996,1.34226009763935,-1.20074411466746,-0.805937106804718,3.35634009254154
