"","method","id","runtime","b0","b1","b0_lower","b0_upper","b1_lower","b1_upper","pred_mse"
"elapsed","simp_lin_cpp",198,0,0.98337068112864,-1.04706699794195,0.787265910967666,0.787265910967666,-1.27934939279733,-1.27934939279733,2.92193526831374
