"","method","id","runtime","b0","b1","b0_lower","b0_upper","b1_lower","b1_upper","pred_mse"
"elapsed","simp_lin_cpp",181,0,1.19774982893631,-0.984519573559676,1.00743911908441,1.3880605387882,-1.1757177786409,-0.793321368478448,3.83888083155181
