"","method","id","runtime","b0","b1","b0_lower","b0_upper","b1_lower","b1_upper","pred_mse"
"elapsed","lm",72,0.01,1.13218160678742,-1.02007490375606,0.92855700627921,0.92855700627921,-1.22255984789193,-1.22255984789193,3.41526563436451
