"","method","id","runtime","b0","b1","b0_lower","b0_upper","b1_lower","b1_upper","pred_mse"
"elapsed","simp_lin_cpp",177,0,1.13499988036559,-1.13789363825952,0.933603240397819,1.33639652033337,-1.35180009153392,-0.923987184985131,4.00730183833604
