"","method","id","runtime","b0","b1","b0_lower","b0_upper","b1_lower","b1_upper","pred_mse"
"elapsed","lm",73,0.01,1.10361523906625,-0.902373852570814,0.934368647952908,0.934368647952908,-1.06796390814762,-1.06796390814762,2.38986495293919
