"","method","id","runtime","b0","b1","b0_lower","b0_upper","b1_lower","b1_upper","pred_mse"
"elapsed","simp_lin_cpp",138,0.00099999999999989,1.03565967201515,-1.05382931016803,0.81357721385539,0.81357721385539,-1.27509798417694,-1.27509798417694,2.85704243270236
