"","method","id","runtime","b0","b1","b0_lower","b0_upper","b1_lower","b1_upper","pred_mse"
"elapsed","simp_lin_cpp",112,0,0.941462741592439,-0.914577504859676,0.746968496958113,1.13595698622676,-1.10810373955671,-0.721051270162637,2.55362576491633
