"","method","id","runtime","b0","b1","b0_lower","b0_upper","b1_lower","b1_upper","pred_mse"
"elapsed","lm",36,0.0129999999999999,1.1019354885291,-1.22981229904655,0.891399705310389,1.31247127174781,-1.44190566786956,-1.01771893022354,3.50571604905967
