"","method","id","runtime","b0","b1","b0_lower","b0_upper","b1_lower","b1_upper","pred_mse"
"elapsed","lm",29,0.01,1.06965733869105,-0.94027901024837,0.85975866601868,0.85975866601868,-1.16395644168294,-1.16395644168294,2.86053501698339
