"","method","id","runtime","b0","b1","b0_lower","b0_upper","b1_lower","b1_upper","pred_mse"
"elapsed","simp_lin_cpp",183,0,0.949494829150066,-1.01514852784022,0.743285463039114,0.743285463039114,-1.22868397884295,-1.22868397884295,2.92999351370703
